"colonia","calle","No.Casa","C.P.","Ciudad"
"ARENALES TAPATIOS","DIAMANTE",114,45066,"zapopan"
"BALCONES DE OBLATOS","ROSA RODRIGUEZ",3876,44720,"Guadalajara"
"JARDINES DE LA CRUZ","ISLA MADAGASCAR",3111,44950,"Guadalajara"
"JARDINES DE LA CRUZ","REYES CATOLICOS",2151,44950,"Guadalajara"
"LOMAS DEL CENTINELA","PASEO DEL OLMO",328,45187,"zapopan"
"VISTA HERMOSA","VISTA BONITA",739,45189,"zapopan"
"LA LOMA","LUIS PAEZ BROTC",1574,44410,"Guadalajara"
"RNDA DE PAZ","ALBANILES",543,44860,"Guadalajara"
"VILLA FONTANA DIAMANTE","FUENTE GRAFITO",8884,45200,"zapopan"
"LOMAS DE RIO VERDE","DEMOSTENES",3550,44720,"Guadalajara"
"SAN ANDRES","AVELINO M PRESA",3335,44810,"Guadalajara"
"SAN JUAN BOSCO","FELIX BERNARDEL",428,44730,"Guadalajara"
"12 DE DICIEMBRE","TRUENO",260,45068,"zapopan"
"U. H. BENITO JUAREZ II","CREDITO",4049,44770,"Guadalajara"
"SAN ISIDRO EJIDAL","NUEVO MEXICO",250,45147,"zapopan"
"COPALITA","AV AMARANTO",175,45200,"zapopan"
"RESIDENCIAL TESISTAN","PARQUE MEXICANO",150,45200,"zapopan"
"COLINAS DE ATEMAJAC","AV AURELIO ORTE",1176,45170,"zapopan"
"OBLATOS","BATALLA DE IZUC",2508,44700,"Guadalajara"
"SAN JUAN DE OCOTAN","MIGUEL MIRAMON",13,45019,"zapopan"
"JARDINES DE LA CRUZ","AV ISALA RAZA",2460,44950,"Guadalajara"
"LOMAS DEL GALLO","FERNANDO SOLIS",1338,44760,"Guadalajara"
"EL CENTINELA 2","HIDALGO",310,45187,"zapopan"
"HOGARES D NVO MEXICO","AV AVIACION",36,45138,"zapopan"
"MESA COLORADA PTE","ANAHUAC",52,45189,"zapopan"
"BOSQUES D LA CANTERA","PRIV OPALO",17,44306,"Guadalajara"
"CONDOMINIO MALAGA","AV CENTRAL",1351,45117,"zapopan"
"MIGUEL HIDALGO","15 DE SEPTIEMBR",3017,45186,"zapopan"
"SAN MARCOS","CANTERA",819,44330,"Guadalajara"
"MESA COLORADA PTE","DELLI",1825,45189,"zapopan"
"LA VENTA DEL ASTILLE","JILGEROS",33,45221,"zapopan"
"PARQUE REVOLUCION","AV MIGUEL HIDAL",469,44100,"Guadalajara"
"LADRON DE GUEVARA","AVENIDA AMERICA",620,44600,"Guadalajara"
"RINCONADA DEL BOSQUE","AV ECONOMOS",6951,44510,"Guadalajara"
"RESIDENC LA ESTANCIA","WOLFANG AMADEUS",5552,45030,"zapopan"
"LINDAVISTA","ALLENDE",216,45169,"zapopan"
"SAN ANDRES","CALLE B",165,44810,"Guadalajara"
"BENITO JUAREZ","JUAN MANUEL RUV",1992,45199,"Guadalajara"
"PANORAMICA HUENTITAN","CALZADA",4500,44259,"Guadalajara"
"HUENTITAN EL BAJO","VOLCAN VIRGEN",182,44250,"Guadalajara"
"LOS ROBLES","CALLE LOS ROBLE",395,45134,"zapopan"
"VIGIA I","DEL CORRAL",604,45140,"zapopan"
"OBREROS D L CONSTRUC","ABEDUL",274,44900,"Guadalajara"
"BEATRIZ HERNANDEZ","MARGARITA GUTIE",3497,44760,"Guadalajara"
"LA MOJONERA","DE BARAJAS",425,45134,"zapopan"
"DIVISION DL NTE ZAP","FRANCISCO VILLA",27,45180,"zapopan"
"RINCONADA DE HUENTITAN","JUAN CARRASCO",5234,44250,"Guadalajara"
"FRACC REAL DEL BOSQUE","BERROCAL",449,45130,"zapopan"
"HUENTITAN EL BAJO","VOLCAN MAIPO",340,44250,"Guadalajara"
"U H ATLAS","RIO VOLGA",1386,44870,"Guadalajara"
"FRACC REAL DEL BOSQUE","CALLE CAMPO REA",371,45130,"zapopan"
"LOMAS DE POLANCO","JOSE CARRILLO",3528,44960,"Guadalajara"
"SANTA ROSA","MELQUIADES CAMP",2289,44700,"Guadalajara"
"MIRAVALLE II","HERMENEGILDO BU",4308,44990,"Guadalajara"
"VILLA DE GUADALUPE II","PABLO HIPOLITO",45,45189,"zapopan"
"DIVISION DEL NORTE","SILVINA REMBOA",3050,44230,"Guadalajara"
"VILLAS SAN IGNACIO","PABLO QUIROGA",215,45180,"zapopan"
"5 DE MAYO","RAMON MARQUEZ",362,44970,"Guadalajara"
"LA ESPERANZA","IGUALDAD",186,44300,"Guadalajara"
"EL BRISE#O","CONSTELACION",7,45236,"zapopan"
"RINCONADA DL AUDITOR","ALBERTO CINTA",39,45180,"zapopan"
"ALTAMIRA","AV AMERICA",580,45160,"zapopan"
"ECHEVERRIA","JOSE ROJO",958,44970,"Guadalajara"
"18 DE MARZO","NATIVIDAD MACIA",1326,44960,"Guadalajara"
"VILLA FONTANA DIAMANTE","AV JADE",86,45200,"zapopan"
"BATALLON SN PATRICIO","CALZADA INDEPEN",503,44300,"Guadalajara"
"PASEOS DEL BRISE#O","PASEOS DE LOS I",1,45236,"zapopan"
"AYUNTAMIENTO","BERNARDO DE BAL",1170,44620,"Guadalajara"
"HERMOSA PROVIN ZO TE","ARQUIMIDES",630,44770,"Guadalajara"
"NUEVO MEXICO","6 DE ENERO",3239,45138,"zapopan"
"JARDINES DEL VERGEL","JARDIN DE NARDO",1527,45180,"zapopan"
"GARIBAY","DAMASCO",785,44750,"Guadalajara"
"18 DE MARZO","FAJA DE ORO",1783,44960,"Guadalajara"
"TRANSITO","AV CIRCUNVALANC",479,44298,"Guadalajara"
"POLANQUITO","MIGUEL MACIAS",3653,44969,"Guadalajara"
"JARDINES DE LA PAZ","TEJEDORES",569,44860,"Guadalajara"
"OBLATOS PONIENTE","JUAN PABLO II",3165,44700,"Guadalajara"
"INDEPENDENCIA","ROGELIO BACON",2280,44290,"Guadalajara"
"MIRAMAR","BAHIA MAGDALENA",5,45060,"zapopan"
"SANTA ELENA","ASTURIAS",1581,44230,"Guadalajara"
"ALTAMIRA","AV AMERICA",580,45160,"zapopan"
"AGRICOLA","OBELISCO",138,45236,"zapopan"
"TABACHINES","PASEO DE LOS AV",3101,45188,"zapopan"
"MIRAVALLE","JOSE JARAMILLO",526,44990,"Guadalajara"
"GUADALUPANA","CELEDONIO PADIL",2162,44220,"Guadalajara"
"REAL DE TESISTAN","PRIVADA EMILIAN",28,45200,"zapopan"
"UNIDAD MEXICO","CDA QUERETARO",278,45120,"zapopan"
"HUENTITAN EL BAJO","VOLCAN FUJIYAMA",4413,44250,"Guadalajara"
"DEL FRESNO","CIPRES",1738,44900,"Guadalajara"
"ARENALES TAPATIOS","AV GUADALUPE",132,45066,"zapopan"
"AGRICOLA","DALIA",138,45236,"zapopan"
"FRACC CUSPIDE","VALLE DE TESIST",198,45200,"zapopan"
"JARDINES D NVO MEXIC","SEXTA PTE",535,45138,"zapopan"
"BARRIO ANALCO","ABASOLO",147,44450,"Guadalajara"
"MORELOS","PELICANO",1272,44910,"Guadalajara"
"IXTLAHUACAN DEL RIO","HDA SAN MIGUEL",10,45260,"zapopan"
"TIERRA RESIDENCIAL","SAN MATEO",2010,45200,"zapopan"
"CIUDAD DEL SOL","QUETZALCOATL",232,45050,"zapopan"
"LOMAS DL VALLE VI UN","CANCER",3992,45129,"zapopan"
"OBLATOS PONIENTE","HACIENDA DE TAL",2191,44700,"Guadalajara"
"LADRON DE GUEVARA","AVENIDA MEXICO",2582,44600,"Guadalajara"
"FEDERALISMO","MONTE HIMALAYA",1416,44350,"Guadalajara"
"EL BRISE?","PASEO DE LA MAT",200,45236,"zapopan"
"BEATRIZ HERNANDEZ","GAZA",1333,44760,"Guadalajara"
"JARDINES DE STA ISAB","STA MARTHA",3165,44300,"Guadalajara"
"MARAVILLA","MESA DEL NORTE",1272,44700,"Guadalajara"
"REAL DE VALDEPE?S","CALLE G 1470 TO",1470,45130,"zapopan"
"SAN VICENTE","MONTES MARCIANO",2173,44330,"Guadalajara"
"MIRAVALLE II","PEDRO PATINO",643,44990,"Guadalajara"
"JARDINES D NVO MEXIC","SEGUNDA NORTE",5699,45138,"zapopan"
"REVOLUCION SEGUNDA SECCION","REVOLUCION",51,45200,"zapopan"
"REAL DE VALDEPE?S","ALAMBIQUE",51,45130,"zapopan"
"RESIDENCIAL AZALEAS","SERVIDOR PUBLIC",1425,45230,"zapopan"
"VILLAS DE GADALUPE","AV PATRIA",4177,44720,"Guadalajara"
"TETLAN","GIGANTES",108,44820,"Guadalajara"
"VALLARTA SAN JORGE","EUCLIDES",3302,44690,"Guadalajara"
"LAS AGUILAS","RIO TOMATLAN",800,45080,"zapopan"
"LA AURORA","SALVADOR LOPEZ",1750,44790,"Guadalajara"
"U H FOVISSSTE ESTADI","LISBOA",28,44307,"Guadalajara"
"INF LA TUZANIA","AV DE LAS PALME",1246,45138,"zapopan"
"DIVISION DEL NORTE","TERUEL",3693,44230,"Guadalajara"
"MIRAVALLE","MAURICIO CAMPOS",512,44990,"Guadalajara"
"TETLAN","AURELIA GUEVARA",3518,44820,"Guadalajara"
"U H LAZARO CARDENAS","OTHON BLANCO CA",4087,44490,"Guadalajara"
"ZALATE II","OTILIO GONZALEZ",1116,44760,"Guadalajara"
"EL MIRADOR","EMILIANO ZAPATA",780,44370,"Guadalajara"
"INF LA TUZANIA","AND OYAMELES",1124,45138,"zapopan"
"ZONA INDUSTRIAL SUR","CALLE 16",2526,44940,"Guadalajara"
"PRADOS  GUADALUPE","G ROSSINI",428,45030,"zapopan"
"HDA SAN ISIDRO","EJIDO",570,45147,"zapopan"
"PARQUE INDUST EL ALA","FUNDICION",2131,44490,"Guadalajara"
"LA MARTINICA","PASEO DE LOS AL",79,45185,"zapopan"
"EL MANANTIAL S REFOR","AVDE LA PATRIA",202,44470,"Guadalajara"
"LA AURORA","JARDINES DE BAB",20,44790,"Guadalajara"
"VISTA HERMOSA","AV VISTA HERMO",3763,45189,"zapopan"
"PRADOS TEPEYAC","PRADO DE LAS GA",4468,45050,"zapopan"
"GENERAL REAL","PENSADOR MEXICA",1070,44400,"Guadalajara"
"SANTA MARIA","SAN MATEO",1407,44350,"Guadalajara"
"COLINAS D LA PRIMAVE","CASCADA",147,45066,"zapopan"
"INF LA TUZANIA","CAPULINES",40,45138,"zapopan"
"OBLATOS PONIENTE","HACIENDA LA PUR",2415,44700,"Guadalajara"
"FRACC CUSPIDE","SENDA DEL OCOTE",22,45200,"zapopan"
"MORELOS","CISNE",1332,44910,"Guadalajara"
"UNIDAD JARDINES SEAT","JARDINES DE LOS",1233,45180,"zapopan"
"COUNTRY CLUB","AV JORGE ALVARE",1535,44610,"Guadalajara"
"EL ARENAL","PROLONGACION SA",43,45350,"zapopan"
"RANCHO NUEVO","DOMINGO RAMIRE",1150,44240,"Guadalajara"
"MESA DE LOS OCOTES","BETABEL",23,45189,"zapopan"
"MARAVILLA","HACIENDA DE GUA",1124,44700,"Guadalajara"
"VIGIA I","HERRADURA",242,45140,"zapopan"
